Workbook

Sheet HOME
B2: FNID AREA 3 - INTEL UNIT PORTAL
B3: Jamaica Constabulary Force | Manchester | St. Elizabeth | Clarendon
B5: PORTAL NAVIGATION
B6: Intel_Log | C6: Intelligence pipeline - data entry & tracking
B7: Dashboard | C7: KPI summary cards and visual charts
B8: Lookups | C8: Dropdown reference data
B10: SUBMISSION WORKFLOW
B11: 1. Enter data in the data entry sheet(s)
B12: 2. Set RecordStatus to 'Draft' while working
B13: 3. Fill SubmittedBy with your name/badge when ready
B14: 4. Change RecordStatus to 'Submitted' to finalize
B15: 5. To edit a submitted record, change status to 'Edited'
B16: 6. Use the Dashboard sheet to view KPIs and charts
B18: Generated: 2026-02-27 06:20

Sheet Intel_Log
A1: IntelID | B1: DateReceived | C1: TimeReceived | D1: Source | E1: SourceRef | F1: Priority | G1: SubjectMatter | H1: FirearmsRelated | I1: NarcoticsRelated | J1: TraffickingRelated | K1: TargetPerson | L1: TargetLocation | M1: Parish | N1: SubstanceOfIntel | O1: TriageDecision | P1: TriageBy | Q1: TriageDate | R1: LinkedOpID | S1: LinkedCaseID | T1: Outcome | U1: OutcomeNotes | V1: CreatedBy | W1: CreatedDate | X1: RecordStatus | Y1: SubmittedBy | Z1: SubmittedDate | AA1: LastEditedBy | AB1: LastEditedDate
A2: INT-2025-001 | B2: 2025-01-15 | C2: 08:30 | D2: Crime Stop (311) | E2: CS-4421 | F2: High | G2: Firearm cache reported at abandoned property | H2: Yes | I2: No | J2: No | K2: Unknown | L2: Lot 14 Green Ave, Mandeville | M2: Manchester | N2: Caller reports seeing men burying items in back lot at night | O2: Action - Mount Operation | P2: Insp. Brown | Q2: 2025-01-15 | R2: OP-2025-001 | S2: CR-2025-001 | T2: Successful - Seizure + Arrest | U2: 2 firearms recovered | V2: DC Williams | W2: 2025-01-15 | X2: Submitted | Y2: System | Z2: 2025-04-01
A3: INT-2025-002 | B3: 2025-01-22 | C3: 14:15 | D3: Informant | E3: INF-009 | F3: Critical | G3: Cocaine shipment via fishing vessel | H3: No | I3: Yes | J3: Yes | K3: Marcus COLE | L3: Black River Bay | M3: St. Elizabeth | N3: 50kg cocaine expected landfall Friday night | O3: Action - Mount Operation | P3: Supt. Davis | Q3: 2025-01-22 | R3: OP-2025-002 | S3: CR-2025-002 | T3: Successful - Seizure Only | U3: 32kg cocaine seized | V3: DC Thompson | W3: 2025-01-22 | X3: Submitted | Y3: System | Z3: 2025-04-01
A4: INT-2025-003 | B4: 2025-02-03 | C4: 10:00 | D4: DEA | E4: DEA-JM-0087 | F4: High | G4: Trafficking network moving guns from Florida | H4: Yes | I4: No | J4: Yes | K4: Ryan SMITH | L4: May Pen area | M4: Clarendon | N4: DEA identifies shipping container with concealed weapons | O4: Action - Port Alert | P4: Insp. Brown | Q4: 2025-02-03 | R4: OP-2025-003 | T4: Ongoing | U4: Container identified, surveillance active | V4: DC Williams | W4: 2025-02-03 | X4: Submitted | Y4: System | Z4: 2025-04-01
A5: INT-2025-004 | B5: 2025-02-10 | C5: 09:45 | D5: Divisional CIB | E5: CIB-MC-112 | F5: Medium | G5: Ganja cultivation site in hills | H5: No | I5: Yes | J5: No | K5: Unknown | L5: Newport, Manchester | M5: Manchester | N5: Large scale cultivation reported by patrol | O5: Action - Surveillance | P5: Insp. Morgan | Q5: 2025-02-10 | V5: Cpl. James | W5: 2025-02-10 | X5: Submitted | Y5: System | Z5: 2025-04-01
A6: INT-2025-005 | B6: 2025-02-18 | C6: 16:30 | D6: Walk-In Report | E6: WIR-0033 | F6: Low | G6: Suspicious activity at warehouse | H6: No | I6: No | J6: No | K6: Unknown | L6: Spaldings Road | M6: Manchester | N6: Citizen reports trucks loading at night | O6: Intel Filed - Monitor | P6: Insp. Brown | Q6: 2025-02-18 | V6: DC Thompson | W6: 2025-02-18 | X6: Submitted | Y6: System | Z6: 2025-04-01
A7: INT-2025-006 | B7: 2025-03-01 | C7: 07:00 | D7: MOCA | E7: MOCA-2025-019 | F7: Critical | G7: Gang leader with illegal arsenal | H7: Yes | I7: Yes | J7: Yes | K7: Devon GRANT | L7: Christiana | M7: Manchester | N7: MOCA identifies key target with multiple firearms and drug links | O7: Action - Mount Operation | P7: Supt. Davis | Q7: 2025-03-01 | R7: OP-2025-004 | S7: CR-2025-003 | T7: Successful - Seizure + Arrest | U7: 5 firearms, 2kg cocaine seized, 3 arrested | V7: DC Williams | W7: 2025-03-01 | X7: Submitted | Y7: System | Z7: 2025-04-01
A8: INT-2025-007 | B8: 2025-03-10 | C8: 11:20 | D8: Anonymous | E8: ANON-071 | F8: Medium | G8: Drug dealing at school zone | H8: No | I8: Yes | J8: No | K8: Unknown | L8: Mandeville High School area | M8: Manchester | N8: Ongoing drug sales near school perimeter | O8: Refer to Divisional CIB | P8: Insp. Morgan | Q8: 2025-03-10 | V8: Cpl. James | W8: 2025-03-10 | X8: Submitted | Y8: System | Z8: 2025-04-01
A9: INT-2025-008 | B9: 2025-03-15 | C9: 13:45 | D9: JCA Detection | E9: JCA-2025-055 | F9: High | G9: Ammunition in shipping barrel | H9: Yes | I9: No | J9: Yes | K9: Shipping Co. ABC Ltd | L9: Kingston Logistics Centre | M9: St. Catherine | N9: JCA X-ray detects ammunition in household barrel to Manchester | O9: Action - Port Alert | P9: Insp. Brown | Q9: 2025-03-15 | R9: OP-2025-005 | T9: Successful - Seizure Only | U9: 500 rounds 9mm seized | V9: DC Thompson | W9: 2025-03-15 | X9: Submitted | Y9: System | Z9: 2025-04-01
A10: INT-2025-009 | B10: 2025-03-22 | C10: 08:00 | D10: Patrol Intercept | E10: PI-MC-044 | F10: High | G10: Vehicle with concealed compartment | H10: Yes | I10: Yes | J10: Yes | K10: Andrew BLAKE | L10: Highway 2000 checkpoint | M10: Clarendon | N10: Patrol finds modified vehicle with hidden compartment | O10: Action - Mount Operation | P10: Insp. Brown | Q10: 2025-03-22 | R10: OP-2025-006 | S10: CR-2025-004 | T10: Successful - Seizure + Arrest | U10: 1 pistol, 200g cocaine, $500K cash | V10: DC Williams | W10: 2025-03-22 | X10: Submitted | Y10: System | Z10: 2025-04-01
A11: INT-2025-010 | B11: 2025-04-01 | C11: 15:00 | D11: UK NCA | E11: NCA-JM-2025-003 | F11: Critical | G11: International cocaine trafficking ring | H11: No | I11: Yes | J11: Yes | K11: Multiple targets | L11: South coast | M11: St. Elizabeth | N11: NCA requests assistance with Jamaica end of trafficking network | O11: Action - Surveillance | P11: Supt. Davis | Q11: 2025-04-01 | T11: Ongoing | U11: Joint surveillance operation planned | V11: DC Thompson | W11: 2025-04-01 | X11: Submitted | Y11: System | Z11: 2025-04-01

Sheet Dashboard
B2: INTEL UNIT DASHBOARD - FNID Area 3
B4: =COUNTA(Intel_Log!A2:A31) | E4: =COUNTIF(Intel_Log!F2:F31,"Critical") | H4: =COUNTIF(Intel_Log!O2:O31,"Action*") | K4: =COUNTIF(Intel_Log!H2:H31,"Yes")
B5: Total Intel Reports | E5: Critical Priority | H5: Actioned | K5: Firearms Related
B8: Source | C8: Count
B9: Crime Stop (311) | C9: =COUNTIF(Intel_Log!D2:D31,B9)
B10: Informant | C10: =COUNTIF(Intel_Log!D2:D31,B10)
B11: DEA | C11: =COUNTIF(Intel_Log!D2:D31,B11)
B12: MOCA | C12: =COUNTIF(Intel_Log!D2:D31,B12)
B13: Anonymous | C13: =COUNTIF(Intel_Log!D2:D31,B13)
B14: JCA Detection | C14: =COUNTIF(Intel_Log!D2:D31,B14)
B15: Patrol Intercept | C15: =COUNTIF(Intel_Log!D2:D31,B15)
B16: Walk-In Report | C16: =COUNTIF(Intel_Log!D2:D31,B16)
B17: UK NCA | C17: =COUNTIF(Intel_Log!D2:D31,B17)
B18: Other | C18: =COUNTA(Intel_Log!D2:D31)-SUM(C9:C17)
B21: Priority | C21: Count
B22: Critical | C22: =COUNTIF(Intel_Log!F2:F31,B22)
B23: High | C23: =COUNTIF(Intel_Log!F2:F31,B23)
B24: Medium | C24: =COUNTIF(Intel_Log!F2:F31,B24)
B25: Low | C25: =COUNTIF(Intel_Log!F2:F31,B25)
B28: Month | C28: Count
B29: Jan | C29: =COUNTIFS(Intel_Log!B2:B31,">="&"2025-01-01",Intel_Log!B2:B31,"<"&"2025-02-01")
B30: Feb | C30: =COUNTIFS(Intel_Log!B2:B31,">="&"2025-02-01",Intel_Log!B2:B31,"<"&"2025-03-01")
B31: Mar | C31: =COUNTIFS(Intel_Log!B2:B31,">="&"2025-03-01",Intel_Log!B2:B31,"<"&"2025-04-01")
B32: Apr | C32: =COUNTIFS(Intel_Log!B2:B31,">="&"2025-04-01",Intel_Log!B2:B31,"<"&"2025-05-01")
B33: May | C33: =COUNTIFS(Intel_Log!B2:B31,">="&"2025-05-01",Intel_Log!B2:B31,"<"&"2025-06-01")
B34: Jun | C34: =COUNTIFS(Intel_Log!B2:B31,">="&"2025-06-01",Intel_Log!B2:B31,"<"&"2025-07-01")
B35: Jul | C35: =COUNTIFS(Intel_Log!B2:B31,">="&"2025-07-01",Intel_Log!B2:B31,"<"&"2025-08-01")
B36: Aug | C36: =COUNTIFS(Intel_Log!B2:B31,">="&"2025-08-01",Intel_Log!B2:B31,"<"&"2025-09-01")
B37: Sep | C37: =COUNTIFS(Intel_Log!B2:B31,">="&"2025-09-01",Intel_Log!B2:B31,"<"&"2025-10-01")
B38: Oct | C38: =COUNTIFS(Intel_Log!B2:B31,">="&"2025-10-01",Intel_Log!B2:B31,"<"&"2025-11-01")
B39: Nov | C39: =COUNTIFS(Intel_Log!B2:B31,">="&"2025-11-01",Intel_Log!B2:B31,"<"&"2025-12-01")
B40: Dec | C40: =COUNTIFS(Intel_Log!B2:B31,">="&"2025-12-01",Intel_Log!B2:B31,"<"&"2025-2026-01-01")

Sheet Lookups
A1: IntelSource | B1: Priority | C1: Parish | D1: YesNo | E1: RecordStatus | F1: TriageDecision
A2: Crime Stop (311) | B2: Critical | C2: Manchester | D2: Yes | E2: Draft | F2: Action - Mount Operation
A3: NIB (811) | B3: High | C3: St. Elizabeth | D3: No | E3: Submitted | F3: Action - Surveillance
A4: Informant | B4: Medium | C4: Clarendon | E4: Edited | F4: Action - Port Alert
A5: DEA | B5: Low | C5: Kingston | F5: Refer to Divisional CIB
A6: ATF | C6: St. Andrew | F6: Refer to MOCA
A7: HSI | C7: St. Thomas | F7: Refer to SIB
A8: MOCA | C8: Portland | F8: Intel Filed - Monitor
A9: JCA Detection | C9: St. Mary | F9: Closed - Insufficient Info
A10: Divisional CIB | C10: St. Ann
A11: Patrol Intercept | C11: Trelawny
A12: C-TOC/SIB | C12: St. James
A13: INTERPOL | C13: Hanover
A14: Walk-In Report | C14: Westmoreland
A15: FNID Direct (923-6184) | C15: St. Catherine
A16: UK NCA
A17: US Marshals
A18: Anonymous
