Workbook

Sheet HOME
B2: FNID AREA 3 - ARRESTS & COURT UNIT PORTAL
B3: Jamaica Constabulary Force | Manchester | St. Elizabeth | Clarendon
B5: PORTAL NAVIGATION
B6: Arrest_Register | C6: Arrest log with 48-hour compliance
B7: Bail_Court | C7: Bail status and court tracking
B8: Dashboard | C8: Arrest KPIs and court pipeline charts
B9: Lookups | C9: Dropdown reference data
B11: SUBMISSION WORKFLOW
B12: 1. Enter data in the data entry sheet(s)
B13: 2. Set RecordStatus to 'Draft' while working
B14: 3. Fill SubmittedBy with your name/badge when ready
B15: 4. Change RecordStatus to 'Submitted' to finalize
B16: 5. To edit a submitted record, change status to 'Edited'
B17: 6. Use the Dashboard sheet to view KPIs and charts
B19: Generated: 2026-02-27 06:20

Sheet Arrest_Register
A1: ArrestID | B1: ArrestDate | C1: ArrestTime | D1: LinkedOpID | E1: SuspectName | F1: SuspectDOB | G1: SuspectAddress | H1: SuspectOccupation | I1: Parish | J1: ArrestLocation | K1: ArrestingOfficer | L1: ArrestingOfficerRank | M1: Offence1 | N1: LawAndSection1 | O1: Offence2 | P1: LawAndSection2 | Q1: 48hr_Deadline | R1: ChargeDate | S1: ChargeWithin48hr | T1: BailStatus | U1: CourtType | V1: FirstCourtDate | W1: RemandLocation | X1: LegalRepresentation | Y1: StatementsTaken | Z1: WitnessCount | AA1: Notes | AB1: RecordStatus | AC1: SubmittedBy | AD1: SubmittedDate | AE1: LastEditedBy | AF1: LastEditedDate
A2: AR-2025-001 | B2: 2025-01-20 | C2: 06:45 | D2: OP-2025-001 | E2: John BROWN | F2: 1990-05-12 | G2: 15 Main St, Mandeville | H2: Labourer | I2: Manchester | J2: Lot 14 Green Ave | K2: DC Williams | L2: Detective Corporal | M2: Illegal Possession of Firearm | N2: s.5 - Possession of Prohibited Weapon (15-25yr) | O2: Illegal Possession of Ammunition | P2: Illegal Possession of Ammunition | Q2: 2025-01-22 06:45 | R2: 2025-01-20 | S2: Yes | T2: Remanded in Custody | U2: Gun Court - High Court Division | V2: 2025-02-03 | W2: Tower Street Adult Correctional | X2: Legal Aid Council | Y2: Yes | Z2: 3 | AA2: Found at premises during warrant execution
A3: AR-2025-002 | B3: 2025-03-05 | C3: 05:15 | D3: OP-2025-004 | E3: Devon GRANT | F3: 1985-08-23 | G3: Christiana, Manchester | H3: Unemployed | I3: Manchester | J3: Christiana district | K3: Supt. Davis | L3: Superintendent | M3: s.6 - Stockpiling (3+ weapons / 50+ rounds) | N3: s.6 - Stockpiling (3+ weapons / 50+ rounds) | O3: Dealing/Trafficking - Cocaine | P3: Dealing/Trafficking - Cocaine | Q3: 2025-03-07 05:15 | R3: 2025-03-05 | S3: Yes | T3: Bail Denied | U3: Gun Court - High Court Division | V3: 2025-03-19 | W3: Tower Street Adult Correctional | X3: Private Attorney | Y3: Yes | Z3: 5 | AA3: Major target - MOCA joint operation
A4: AR-2025-003 | B4: 2025-03-05 | C4: 05:30 | D4: OP-2025-004 | E4: Michael REID | F4: 1992-11-07 | G4: Christiana, Manchester | H4: Fisherman | I4: Manchester | J4: Christiana district | K4: DC Thompson | L4: Detective Corporal | M4: s.5 - Possession of Prohibited Weapon (15-25yr) | N4: s.5 - Possession of Prohibited Weapon (15-25yr) | Q4: 2025-03-07 05:30 | R4: 2025-03-06 | S4: Yes | T4: Remanded in Custody | U4: Gun Court - RM Division | V4: 2025-03-20 | W4: Mandeville Police Lock-Up | X4: None | Y4: Yes | Z4: 2 | AA4: Associate of GRANT
A5: AR-2025-004 | B5: 2025-03-22 | C5: 14:00 | D5: OP-2025-006 | E5: Andrew BLAKE | F5: 1988-02-15 | G5: May Pen, Clarendon | H5: Driver | I5: Clarendon | J5: Highway 2000 checkpoint | K5: DC Williams | L5: Detective Corporal | M5: s.5 - Possession of Prohibited Weapon (15-25yr) | N5: s.5 - Possession of Prohibited Weapon (15-25yr) | O5: Possession - Cocaine | P5: Possession - Cocaine | Q5: 2025-03-24 14:00 | R5: 2025-03-22 | S5: Yes | T5: Bail Granted | U5: Gun Court - RM Division | V5: 2025-04-05 | X5: Private Attorney | Y5: Yes | Z5: 2 | AA5: Vehicle checkpoint intercept

Sheet Bail_Court
A1: ArrestID | B1: SuspectName | C1: CourtType | D1: CourtDate | E1: BailStatus | F1: BailAmount_JMD | G1: BailConditions | H1: NextHearingDate | I1: CrownCounsel | J1: Defence | K1: Plea | L1: Verdict | M1: Sentence | N1: AppealFiled | O1: Notes | P1: RecordStatus | Q1: SubmittedBy | R1: SubmittedDate | S1: LastEditedBy | T1: LastEditedDate

Sheet Dashboard
B2: ARRESTS & COURT DASHBOARD - FNID Area 3
B4: =COUNTA(Arrest_Register!A2:A25) | E4: =COUNTIF(Arrest_Register!S2:S25,"Yes") | H4: =COUNTIF(Arrest_Register!T2:T25,"Bail Denied") | K4: =COUNTIF(Arrest_Register!T2:T25,"Remanded*")
B5: Total Arrests | E5: 48hr Compliant | H5: Bail Denied | K5: Remanded
B8: Bail Status | C8: Count
B9: Bail Granted | C9: =COUNTIF(Arrest_Register!T2:T25,B9)
B10: Bail Denied | C10: =COUNTIF(Arrest_Register!T2:T25,B10)
B11: Remanded in Custody | C11: =COUNTIF(Arrest_Register!T2:T25,B11)
B12: Released - No Charge | C12: =COUNTIF(Arrest_Register!T2:T25,B12)
B13: Stop Order Issued | C13: =COUNTIF(Arrest_Register!T2:T25,B13)
B16: Court Type | C16: Count
B17: Gun Court - High Court Division | C17: =COUNTIF(Arrest_Register!U2:U25,B17)
B18: Gun Court - RM Division | C18: =COUNTIF(Arrest_Register!U2:U25,B18)
B19: Parish Court | C19: =COUNTIF(Arrest_Register!U2:U25,B19)
B20: Circuit Court | C20: =COUNTIF(Arrest_Register!U2:U25,B20)
B23: Month | C23: Arrests
B24: Jan | C24: =COUNTIFS(Arrest_Register!B2:B25,">="&"2025-01-01",Arrest_Register!B2:B25,"<"&"2025-02-01")
B25: Feb | C25: =COUNTIFS(Arrest_Register!B2:B25,">="&"2025-02-01",Arrest_Register!B2:B25,"<"&"2025-03-01")
B26: Mar | C26: =COUNTIFS(Arrest_Register!B2:B25,">="&"2025-03-01",Arrest_Register!B2:B25,"<"&"2025-04-01")
B27: Apr | C27: =COUNTIFS(Arrest_Register!B2:B25,">="&"2025-04-01",Arrest_Register!B2:B25,"<"&"2025-05-01")
B28: May | C28: =COUNTIFS(Arrest_Register!B2:B25,">="&"2025-05-01",Arrest_Register!B2:B25,"<"&"2025-06-01")
B29: Jun | C29: =COUNTIFS(Arrest_Register!B2:B25,">="&"2025-06-01",Arrest_Register!B2:B25,"<"&"2025-07-01")
B30: Jul | C30: =COUNTIFS(Arrest_Register!B2:B25,">="&"2025-07-01",Arrest_Register!B2:B25,"<"&"2025-08-01")
B31: Aug | C31: =COUNTIFS(Arrest_Register!B2:B25,">="&"2025-08-01",Arrest_Register!B2:B25,"<"&"2025-09-01")
B32: Sep | C32: =COUNTIFS(Arrest_Register!B2:B25,">="&"2025-09-01",Arrest_Register!B2:B25,"<"&"2025-10-01")
B33: Oct | C33: =COUNTIFS(Arrest_Register!B2:B25,">="&"2025-10-01",Arrest_Register!B2:B25,"<"&"2025-11-01")
B34: Nov | C34: =COUNTIFS(Arrest_Register!B2:B25,">="&"2025-11-01",Arrest_Register!B2:B25,"<"&"2025-12-01")
B35: Dec | C35: =COUNTIFS(Arrest_Register!B2:B25,">="&"2025-12-01",Arrest_Register!B2:B25,"<"&"2026-01-01")

Sheet Lookups
A1: IntelSource | B1: Priority | C1: Parish | D1: YesNo | E1: RecordStatus | F1: FirearmsActOffence | G1: DDAOffence | H1: BailStatus | I1: CourtType
A2: Crime Stop (311) | B2: Critical | C2: Manchester | D2: Yes | E2: Draft | F2: s.5 - Possession of Prohibited Weapon (15-25yr) | G2: Import/Export - Cannabis (DDA Part IIIA) | H2: Bail Granted | I2: Gun Court - High Court Division
A3: NIB (811) | B3: High | C3: St. Elizabeth | D3: No | E3: Submitted | F3: s.6 - Stockpiling (3+ weapons / 50+ rounds) | G3: Import/Export - Cocaine (DDA Part IV) | H3: Bail Denied | I3: Gun Court - Circuit Court Division
A4: Informant | B4: Medium | C4: Clarendon | E4: Edited | F4: s.7 - Trafficking in Prohibited Weapon (20yr min) | G4: Dealing/Trafficking - Cannabis | H4: Remanded in Custody | I4: Gun Court - RM Division
A5: DEA | B5: Low | C5: Kingston | F5: s.8 - Possession with Intent to Traffic | G5: Dealing/Trafficking - Cocaine | H5: Released - No Charge | I5: Parish Court
A6: ATF | C6: St. Andrew | F6: s.9 - Manufacture of Prohibited Weapon | G6: Possession - Cannabis (>2oz) | H6: Released - Insufficient Evidence | I6: Circuit Court
A7: HSI | C7: St. Thomas | F7: s.10 - Dealing in Prohibited Weapon | G7: Possession - Cocaine | H7: Stop Order Issued | I7: Supreme Court
A8: MOCA | C8: Portland | F8: s.12 - Diversion of Lawful Firearms | G8: Cultivation - Cannabis (>5 plants) | H8: Electronic Monitoring
A9: JCA Detection | C9: St. Mary | F9: s.29 - Unmarked Firearm | G9: Deemed Dealing - School Premises
A10: Divisional CIB | C10: St. Ann | F10: Shooting with Intent
A11: Patrol Intercept | C11: Trelawny | F11: Illegal Possession of Ammunition
A12: C-TOC/SIB | C12: St. James | F12: Wounding with Intent (firearm)
A13: INTERPOL | C13: Hanover
A14: Walk-In Report | C14: Westmoreland
A15: FNID Direct (923-6184) | C15: St. Catherine
A16: UK NCA
A17: US Marshals
A18: Anonymous
