Workbook

Sheet HOME
B2: FNID AREA 3 - OPERATIONS UNIT PORTAL
B3: Jamaica Constabulary Force | Manchester | St. Elizabeth | Clarendon
B5: PORTAL NAVIGATION
B6: Op_Register | C6: Operation planning & execution tracking
B7: Dashboard | C7: KPI summary and operational charts
B8: Lookups | C8: Dropdown reference data
B10: SUBMISSION WORKFLOW
B11: 1. Enter data in the data entry sheet(s)
B12: 2. Set RecordStatus to 'Draft' while working
B13: 3. Fill SubmittedBy with your name/badge when ready
B14: 4. Change RecordStatus to 'Submitted' to finalize
B15: 5. To edit a submitted record, change status to 'Edited'
B16: 6. Use the Dashboard sheet to view KPIs and charts
B18: Generated: 2026-02-27 06:20

Sheet Op_Register
A1: OpID | B1: OpName | C1: OpDate | D1: OpType | E1: WarrantBasis | F1: WarrantNumber | G1: IssuingJP | H1: Parish | I1: TargetLocation | J1: TargetPerson | K1: TeamLead | L1: TeamSize | M1: JointAgency | N1: LinkedIntelID | O1: StartTime | P1: EndTime | Q1: Duration_hrs | R1: FirearmsSeized | S1: NarcoticsSeized | T1: AmmoSeized | U1: CashSeized | V1: ArrestsMade | W1: Outcome | X1: OutcomeNotes | Y1: RiskAssessment | Z1: BodyCamFootage | AA1: EvidenceTagged | AB1: RecordStatus | AC1: SubmittedBy | AD1: SubmittedDate | AE1: LastEditedBy | AF1: LastEditedDate
A2: OP-2025-001 | B2: Op THUNDER | C2: 2025-01-20 | D2: Search Warrant Execution | E2: Section 91 - Firearms Act 2022 | F2: WN-2025-011 | G2: JP Sinclair | H2: Manchester | I2: Lot 14 Green Ave, Mandeville | J2: Unknown | K2: Insp. Brown | L2: 8 | M2: None | N2: INT-2025-001 | O2: 05:00 | P2: 08:30 | Q2: 3.5 | R2: 2 | S2: 0 | T2: 45 | U2: 0 | V2: 1 | W2: Successful - Seizure + Arrest | X2: 2 pistols and ammo recovered, 1 male arrested | Y2: High | Z2: Yes | AA2: Yes | AB2: Submitted | AC2: System
A3: OP-2025-002 | B3: Op NEPTUNE | C3: 2025-01-25 | D3: Coastal/Beach Operation | E3: Section 21 - Dangerous Drugs Act | H3: St. Elizabeth | I3: Black River Bay | J3: Marcus COLE | K3: Supt. Davis | L3: 15 | M3: JDF Coast Guard | N3: INT-2025-002 | O3: 22:00 | P3: 03:00 | Q3: 5 | R3: 0 | S3: 1 | T3: 0 | U3: 0 | V3: 0 | W3: Successful - Seizure Only | X3: 32kg cocaine recovered from fishing vessel | Y3: Critical | Z3: Yes | AA3: Yes | AB3: Submitted | AC3: System
A4: OP-2025-003 | B4: Op CONTAINER | C4: 2025-02-10 | D4: Port/Cargo Interdiction | E4: Section 91 - Firearms Act 2022 | H4: St. Catherine | I4: Kingston Logistics Centre | J4: Ryan SMITH | K4: Insp. Brown | L4: 6 | M4: JCA | N4: INT-2025-003 | O4: 10:00 | P4: 16:00 | Q4: 6 | R4: 0 | S4: 0 | T4: 0 | U4: 0 | V4: 0 | W4: Ongoing | X4: Container under surveillance | Y4: High | Z4: N/A | AA4: N/A | AB4: Submitted | AC4: System
A5: OP-2025-004 | B5: Op VIPER | C5: 2025-03-05 | D5: Search Warrant Execution | E5: Section 91 - Firearms Act 2022 | F5: WN-2025-018 | G5: JP Clarke | H5: Manchester | I5: Christiana district | J5: Devon GRANT | K5: Supt. Davis | L5: 20 | M5: MOCA | N5: INT-2025-006 | O5: 04:30 | P5: 09:00 | Q5: 4.5 | R5: 5 | S5: 1 | T5: 200 | U5: 850000 | V5: 3 | W5: Successful - Seizure + Arrest | X5: Major seizure: 5 firearms, 2kg cocaine, $850K cash, 3 arrested | Y5: Critical | Z5: Yes | AA5: Yes | AB5: Submitted | AC5: System
A6: OP-2025-005 | B6: Op BARREL | C6: 2025-03-18 | D6: Port/Cargo Interdiction | E6: Section 91 - Firearms Act 2022 | H6: St. Catherine | I6: Kingston Logistics Centre | J6: ABC Ltd | K6: Insp. Brown | L6: 4 | M6: JCA | N6: INT-2025-008 | O6: 09:00 | P6: 12:00 | Q6: 3 | R6: 0 | S6: 0 | T6: 500 | U6: 0 | V6: 0 | W6: Successful - Seizure Only | X6: 500 rounds 9mm in household barrel | Y6: Medium | Z6: Yes | AA6: Yes | AB6: Submitted | AC6: System

Sheet Dashboard
B2: OPERATIONS UNIT DASHBOARD - FNID Area 3
B4: =COUNTA(Op_Register!A2:A26) | E4: =COUNTIF(Op_Register!W2:W26,"Successful*") | H4: =SUM(Op_Register!V2:V26) | K4: =SUM(Op_Register!R2:R26)
B5: Total Operations | E5: Successful Ops | H5: Total Arrests | K5: Firearms Seized
B8: Op Type | C8: Count
B9: Search Warrant Execution | C9: =COUNTIF(Op_Register!D2:D26,B9)
B10: Port/Cargo Interdiction | C10: =COUNTIF(Op_Register!D2:D26,B10)
B11: Coastal/Beach Operation | C11: =COUNTIF(Op_Register!D2:D26,B11)
B12: Vehicle Interception | C12: =COUNTIF(Op_Register!D2:D26,B12)
B13: Checkpoint | C13: =COUNTIF(Op_Register!D2:D26,B13)
B14: Joint Op - MOCA | C14: =COUNTIF(Op_Register!D2:D26,B14)
B15: Joint Op - JCA | C15: =COUNTIF(Op_Register!D2:D26,B15)
B18: Outcome | C18: Count
B19: Successful - Seizure + Arrest | C19: =COUNTIF(Op_Register!W2:W26,B19)
B20: Successful - Seizure Only | C20: =COUNTIF(Op_Register!W2:W26,B20)
B21: Successful - Arrest Only | C21: =COUNTIF(Op_Register!W2:W26,B21)
B22: Partial - Intel Developed | C22: =COUNTIF(Op_Register!W2:W26,B22)
B23: Negative - No Finds | C23: =COUNTIF(Op_Register!W2:W26,B23)
B24: Ongoing | C24: =COUNTIF(Op_Register!W2:W26,B24)
B27: Month | C27: Ops Count
B28: Jan | C28: =COUNTIFS(Op_Register!C2:C26,">="&"2025-01-01",Op_Register!C2:C26,"<"&"2025-02-01")
B29: Feb | C29: =COUNTIFS(Op_Register!C2:C26,">="&"2025-02-01",Op_Register!C2:C26,"<"&"2025-03-01")
B30: Mar | C30: =COUNTIFS(Op_Register!C2:C26,">="&"2025-03-01",Op_Register!C2:C26,"<"&"2025-04-01")
B31: Apr | C31: =COUNTIFS(Op_Register!C2:C26,">="&"2025-04-01",Op_Register!C2:C26,"<"&"2025-05-01")
B32: May | C32: =COUNTIFS(Op_Register!C2:C26,">="&"2025-05-01",Op_Register!C2:C26,"<"&"2025-06-01")
B33: Jun | C33: =COUNTIFS(Op_Register!C2:C26,">="&"2025-06-01",Op_Register!C2:C26,"<"&"2025-07-01")
B34: Jul | C34: =COUNTIFS(Op_Register!C2:C26,">="&"2025-07-01",Op_Register!C2:C26,"<"&"2025-08-01")
B35: Aug | C35: =COUNTIFS(Op_Register!C2:C26,">="&"2025-08-01",Op_Register!C2:C26,"<"&"2025-09-01")
B36: Sep | C36: =COUNTIFS(Op_Register!C2:C26,">="&"2025-09-01",Op_Register!C2:C26,"<"&"2025-10-01")
B37: Oct | C37: =COUNTIFS(Op_Register!C2:C26,">="&"2025-10-01",Op_Register!C2:C26,"<"&"2025-11-01")
B38: Nov | C38: =COUNTIFS(Op_Register!C2:C26,">="&"2025-11-01",Op_Register!C2:C26,"<"&"2025-12-01")
B39: Dec | C39: =COUNTIFS(Op_Register!C2:C26,">="&"2025-12-01",Op_Register!C2:C26,"<"&"2026-01-01")

Sheet Lookups
A1: IntelSource | B1: Priority | C1: Parish | D1: YesNo | E1: RecordStatus | F1: OperationType | G1: WarrantBasis | H1: OpOutcome
A2: Crime Stop (311) | B2: Critical | C2: Manchester | D2: Yes | E2: Draft | F2: Search Warrant Execution | G2: Section 91 - Firearms Act 2022 | H2: Successful - Seizure + Arrest
A3: NIB (811) | B3: High | C3: St. Elizabeth | D3: No | E3: Submitted | F3: Snap Raid | G3: Section 21 - Dangerous Drugs Act | H3: Successful - Seizure Only
A4: Informant | B4: Medium | C4: Clarendon | E4: Edited | F4: Port/Cargo Interdiction | G4: Section 14 - POCA 2007 | H4: Successful - Arrest Only
A5: DEA | B5: Low | C5: Kingston | F5: Airport Interdiction | G5: ZOSO - Warrantless (s.5 ZOSO Act) | H5: Partial - Intel Developed
A6: ATF | C6: St. Andrew | F6: Vehicle Interception | G6: SOE - Warrantless | H6: Negative - No Finds
A7: HSI | C7: St. Thomas | F7: Coastal/Beach Operation | G7: Sergeant Written Directive (DDA s.21) | H7: Aborted - Compromised
A8: MOCA | C8: Portland | F8: Checkpoint | H8: Aborted - Safety Concern
A9: JCA Detection | C9: St. Mary | F9: Surveillance | H9: Ongoing
A10: Divisional CIB | C10: St. Ann | F10: Joint Op - JCA
A11: Patrol Intercept | C11: Trelawny | F11: Joint Op - JDF
A12: C-TOC/SIB | C12: St. James | F12: Joint Op - MOCA
A13: INTERPOL | C13: Hanover | F13: Joint Op - DEA
A14: Walk-In Report | C14: Westmoreland | F14: Fugitive Apprehension
A15: FNID Direct (923-6184) | C15: St. Catherine | F15: Follow-Up Secondary Op
A16: UK NCA | F16: ZOSO Operation
A17: US Marshals | F17: SOE Operation
A18: Anonymous | F18: Courier/Parcel Investigation
