Workbook

Sheet HOME
B2: FNID AREA 3 - SEIZURES UNIT PORTAL
B3: Jamaica Constabulary Force | Manchester | St. Elizabeth | Clarendon
B5: PORTAL NAVIGATION
B6: Firearm_Seizures | C6: Firearm and ammunition seizure log
B7: Narcotics_Seizures | C7: Narcotics seizure log
B8: Other_Seizures | C8: Cash, electronics, vehicle seizures
B9: Dashboard | C9: Seizure KPIs and charts
B10: Lookups | C10: Dropdown reference data
B12: SUBMISSION WORKFLOW
B13: 1. Enter data in the data entry sheet(s)
B14: 2. Set RecordStatus to 'Draft' while working
B15: 3. Fill SubmittedBy with your name/badge when ready
B16: 4. Change RecordStatus to 'Submitted' to finalize
B17: 5. To edit a submitted record, change status to 'Edited'
B18: 6. Use the Dashboard sheet to view KPIs and charts
B20: Generated: 2026-02-27 06:20

Sheet Firearm_Seizures
A1: SeizureID | B1: SeizureDate | C1: LinkedOpID | D1: Parish | E1: Location | F1: FirearmType | G1: Make | H1: Model | I1: SerialNumber | J1: Calibre | K1: CountryOfOrigin | L1: AmmoCount | M1: MagazineCount | N1: IBIS_Status | O1: eTrace_Status | P1: ExhibitTag | Q1: StorageLocation | R1: SeizedBy | S1: WitnessOfficer | T1: Notes | U1: RecordStatus | V1: SubmittedBy | W1: SubmittedDate | X1: LastEditedBy | Y1: LastEditedDate
A2: FS-2025-001 | B2: 2025-01-20 | C2: OP-2025-001 | D2: Manchester | E2: Lot 14 Green Ave, Mandeville | F2: Pistol - Semi-Auto | G2: Glock | H2: 19 | I2: ABC12345 | J2: 9mm | K2: USA | L2: 15 | M2: 1 | N2: Submitted - Pending | O2: Submitted - Pending | P2: EXH-FA-001 | Q2: FNID Armoury | R2: DC Williams | S2: Cpl. James | T2: Found buried in backyard
A3: FS-2025-002 | B3: 2025-01-20 | C3: OP-2025-001 | D3: Manchester | E3: Lot 14 Green Ave, Mandeville | F3: Pistol - Revolver | G3: Smith & Wesson | H3: 686 | I3: XYZ98765 | J3: .38 Special | K3: USA | L3: 30 | M3: 0 | N3: Submitted - Pending | O3: Traced - US Origin | P3: EXH-FA-002 | Q3: FNID Armoury | R3: DC Williams | S3: Cpl. James | T3: Loaded, found under mattress
A4: FS-2025-003 | B4: 2025-03-05 | C4: OP-2025-004 | D4: Manchester | E4: Christiana district | F4: Rifle - Assault | G4: Unknown | H4: AR-15 pattern | I4: OBLITERATED | J4: 5.56mm/.223 | K4: Unknown | L4: 60 | M4: 2 | N4: Submitted - Pending | O4: Untraceable - Obliterated | P4: EXH-FA-003 | Q4: FNID Armoury | R4: Supt. Davis | S4: Insp. Brown | T4: Serial number filed off
A5: FS-2025-004 | B5: 2025-03-05 | C5: OP-2025-004 | D5: Manchester | E5: Christiana district | F5: Shotgun | G5: Mossberg | H5: 500 | I5: MOB55443 | J5: 12 Gauge | K5: USA | L5: 25 | M5: 0 | N5: No Match | O5: Traced - US Origin | P5: EXH-FA-004 | Q5: FNID Armoury | R5: DC Thompson | S5: Cpl. James
A6: FS-2025-005 | B6: 2025-03-05 | C6: OP-2025-004 | D6: Manchester | E6: Christiana district | F6: Pistol - Semi-Auto | G6: Taurus | H6: G2C | I6: TAU99001 | J6: 9mm | K6: Brazil | L6: 17 | M6: 1 | N6: Hit - Confirmed Match | O6: Traced - Non-US Origin | P6: EXH-FA-005 | Q6: FNID Armoury | R6: DC Thompson | S6: Insp. Brown | T6: IBIS hit - linked to 2024 shooting in Kingston

Sheet Narcotics_Seizures
A1: SeizureID | B1: SeizureDate | C1: LinkedOpID | D1: Parish | E1: Location | F1: DrugType | G1: Quantity | H1: Unit | I1: EstStreetValue_JMD | J1: PackagingMethod | K1: ConcealmentMethod | L1: FieldTestResult | M1: LabCertStatus | N1: ExhibitTag | O1: StorageLocation | P1: SeizedBy | Q1: WitnessOfficer | R1: Notes | S1: RecordStatus | T1: SubmittedBy | U1: SubmittedDate | V1: LastEditedBy | W1: LastEditedDate
A2: NS-2025-001 | B2: 2025-01-25 | C2: OP-2025-002 | D2: St. Elizabeth | E2: Black River Bay | F2: Cocaine - Powder | G2: 32 | H2: kg | I2: 96000000 | J2: Brick wrapped in tape | K2: Hidden in fish hold | L2: Positive | M2: Submitted to IFSLM | N2: EXH-NA-001 | O2: FNID Evidence Room | P2: Supt. Davis | Q2: Insp. Morgan | R2: 32 bricks recovered from vessel
A3: NS-2025-002 | B3: 2025-03-05 | C3: OP-2025-004 | D3: Manchester | E3: Christiana district | F3: Cocaine - Powder | G3: 2 | H3: kg | I3: 6000000 | J3: Vacuum sealed bags | K3: False wall in house | L3: Positive | M3: Certificate Issued | N3: EXH-NA-002 | O3: FNID Evidence Room | P3: DC Williams | Q3: Cpl. James | R3: Found with firearms cache
A4: NS-2025-003 | B4: 2025-03-22 | C4: OP-2025-006 | D4: Clarendon | E4: Highway 2000 checkpoint | F4: Cocaine - Powder | G4: 0.2 | H4: kg | I4: 600000 | J4: Small bags | K4: Vehicle hidden compartment | L4: Positive | M4: Submitted to IFSLM | N4: EXH-NA-003 | O4: FNID Evidence Room | P4: DC Williams | Q4: Cpl. James | R4: Found with pistol and cash

Sheet Other_Seizures
A1: SeizureID | B1: SeizureDate | C1: LinkedOpID | D1: Parish | E1: Location | F1: ItemType | G1: Description | H1: Quantity | I1: EstValue_JMD | J1: ExhibitTag | K1: StorageLocation | L1: SeizedBy | M1: WitnessOfficer | N1: Notes | O1: RecordStatus | P1: SubmittedBy | Q1: SubmittedDate | R1: LastEditedBy | S1: LastEditedDate
A2: OS-2025-001 | B2: 2025-03-05 | C2: OP-2025-004 | D2: Manchester | E2: Christiana district | F2: Cash/Currency | G2: JMD banknotes in bag | H2: 1 | I2: 850000 | J2: EXH-OT-001 | K2: FNID Evidence Room | L2: DC Thompson | M2: Insp. Brown | N2: Seized with firearms and drugs
A3: OS-2025-002 | B3: 2025-03-22 | C3: OP-2025-006 | D3: Clarendon | E3: Highway 2000 | F3: Cash/Currency | G3: JMD and USD mixed | H3: 1 | I3: 500000 | J3: EXH-OT-002 | K3: FNID Evidence Room | L3: DC Williams | M3: Cpl. James | N3: Found in vehicle compartment

Sheet Dashboard
B2: SEIZURES UNIT DASHBOARD - FNID Area 3
B4: =COUNTA(Firearm_Seizures!A2:A26) | E4: =SUMIF(Narcotics_Seizures!H2:H24,"kg",Narcotics_Seizures!G2:G24) | H4: =COUNTIF(Firearm_Seizures!N2:N26,"Hit*") | K4: =COUNTA(Firearm_Seizures!P2:P26)+COUNTA(Narcotics_Seizures!N2:N24)+COUNTA(Other_Seizures!J2:J23)
B5: Firearms Seized | E5: Narcotics (kg) | H5: IBIS Hits | K5: Total Exhibits
B8: Firearm Type | C8: Count
B9: Pistol - Semi-Auto | C9: =COUNTIF(Firearm_Seizures!F2:F26,B9)
B10: Pistol - Revolver | C10: =COUNTIF(Firearm_Seizures!F2:F26,B10)
B11: Rifle - Assault | C11: =COUNTIF(Firearm_Seizures!F2:F26,B11)
B12: Shotgun | C12: =COUNTIF(Firearm_Seizures!F2:F26,B12)
B13: Submachine Gun | C13: =COUNTIF(Firearm_Seizures!F2:F26,B13)
B14: Improvised/Homemade | C14: =COUNTIF(Firearm_Seizures!F2:F26,B14)
B17: Drug Type | C17: Count
B18: Cannabis/Ganja - Compressed | C18: =COUNTIF(Narcotics_Seizures!F2:F24,B18)
B19: Cannabis/Ganja - Loose | C19: =COUNTIF(Narcotics_Seizures!F2:F24,B19)
B20: Cocaine - Powder | C20: =COUNTIF(Narcotics_Seizures!F2:F24,B20)
B21: Cocaine - Crack | C21: =COUNTIF(Narcotics_Seizures!F2:F24,B21)
B22: Heroin | C22: =COUNTIF(Narcotics_Seizures!F2:F24,B22)
B23: Other Controlled | C23: =COUNTIF(Narcotics_Seizures!F2:F24,B23)
B26: Parish | C26: Firearms | D26: Narcotics
B27: Manchester | C27: =COUNTIF(Firearm_Seizures!D2:D26,B27) | D27: =COUNTIF(Narcotics_Seizures!D2:D24,B27)
B28: St. Elizabeth | C28: =COUNTIF(Firearm_Seizures!D2:D26,B28) | D28: =COUNTIF(Narcotics_Seizures!D2:D24,B28)
B29: Clarendon | C29: =COUNTIF(Firearm_Seizures!D2:D26,B29) | D29: =COUNTIF(Narcotics_Seizures!D2:D24,B29)

Sheet Lookups
A1: IntelSource | B1: Priority | C1: Parish | D1: YesNo | E1: RecordStatus | F1: FirearmType | G1: Calibre | H1: DrugType | I1: DrugUnit | J1: SeizureLocation
A2: Crime Stop (311) | B2: Critical | C2: Manchester | D2: Yes | E2: Draft | F2: Pistol - Semi-Auto | G2: 9mm | H2: Cannabis/Ganja - Compressed | I2: kg | J2: Port Bustamante
A3: NIB (811) | B3: High | C3: St. Elizabeth | D3: No | E3: Submitted | F3: Pistol - Revolver | G3: .40 S&W | H3: Cannabis/Ganja - Loose | I3: g | J3: Kingston Logistics Centre
A4: Informant | B4: Medium | C4: Clarendon | E4: Edited | F4: Rifle - Semi-Auto | G4: .45 ACP | H4: Cannabis/Ganja - Oil/Edibles | I4: lbs | J4: Newport West
A5: DEA | B5: Low | C5: Kingston | F5: Rifle - Bolt Action | G5: .380 ACP | H5: Cocaine - Powder | I5: oz | J5: Norman Manley Airport
A6: ATF | C6: St. Andrew | F6: Rifle - Assault | G6: .22 LR | H6: Cocaine - Crack | I6: plants | J6: Sangster International Airport
A7: HSI | C7: St. Thomas | F7: Shotgun | G7: .25 ACP | H7: Heroin | I7: tablets | J7: Roadway/Vehicle
A8: MOCA | C8: Portland | F8: Submachine Gun | G8: .38 Special | H8: MDMA/Ecstasy | I8: ml | J8: Residential Premises
A9: JCA Detection | C9: St. Mary | F9: Machine Pistol | G9: .357 Magnum | H9: Methamphetamine | I9: litres | J9: Commercial Premises
A10: Divisional CIB | C10: St. Ann | F10: Improvised/Homemade | G10: 5.56mm/.223 | H10: Synthetic Cannabinoids | J10: Beach/Coastal
A11: Patrol Intercept | C11: Trelawny | F11: 3D-Printed | G11: 7.62x39mm | H11: Prescription Opioids | J11: Open Land/Bushes
A12: C-TOC/SIB | C12: St. James | F12: Imitation/Replica | G12: 7.62x51mm/.308 | H12: Other Controlled | J12: Courier/Postal Facility
A13: INTERPOL | C13: Hanover | F13: Component - Frame/Receiver | G13: 12 Gauge | J13: ZOSO Checkpoint
A14: Walk-In Report | C14: Westmoreland | F14: Component - Barrel | G14: 20 Gauge | J14: Other
A15: FNID Direct (923-6184) | C15: St. Catherine | F15: Component - Slide | G15: .44 Magnum
A16: UK NCA | F16: Magazine | G16: Other
A17: US Marshals | F17: Silencer/Suppressor
A18: Anonymous
