Workbook

Sheet HOME
B2: FNID AREA 3 - REGISTRY UNIT PORTAL
B3: Jamaica Constabulary Force | Manchester | St. Elizabeth | Clarendon
B5: PORTAL NAVIGATION
B6: Case_Registry | C6: Master case file registry and SOP compliance
B7: DPP_Pipeline | C7: DPP submission tracking and rulings
B8: SOP_Checklist | C8: Per-case SOP compliance checklist
B9: Witness_Statements | C9: Witness and statement management
B10: Disclosure_Log | C10: Disclosure protocol compliance
B11: Dashboard | C11: Case management KPIs, pipeline charts, SOP compliance
B12: Lookups | C12: Dropdown reference data
B14: SUBMISSION WORKFLOW
B15: 1. Enter data in the data entry sheet(s)
B16: 2. Set RecordStatus to 'Draft' while working
B17: 3. Fill SubmittedBy with your name/badge when ready
B18: 4. Change RecordStatus to 'Submitted' to finalize
B19: 5. To edit a submitted record, change status to 'Edited'
B20: 6. Use the Dashboard sheet to view KPIs and charts
B22: Generated: 2026-02-27 06:20

Sheet Case_Registry
A1: CaseID | B1: RegistrationDate | C1: Classification | D1: OIC_Name | E1: OIC_Rank | F1: OIC_BadgeNo | G1: Parish | H1: Division | I1: OffenceDescription | J1: LawAndSection | K1: SuspectName | L1: SuspectDOB | M1: SuspectAddress | N1: SuspectOccupation | O1: VictimName | P1: VictimAddress | Q1: LinkedIntelID | R1: LinkedOpID | S1: LinkedArrestID | T1: CaseStatus | U1: FileCompleteness | V1: SOPCompliance | W1: DPPSubmissionDate | X1: DPPStatus | Y1: DPPRuling | Z1: CourtType | AA1: NextCourtDate | AB1: TrialDate | AC1: Verdict | AD1: Sentence | AE1: POCAReferred | AF1: POCAStatus | AG1: CreatedBy | AH1: CreatedDate | AI1: LastUpdated | AJ1: Notes | AK1: RecordStatus | AL1: SubmittedBy | AM1: SubmittedDate | AN1: LastEditedBy | AO1: LastEditedDate
A2: CR-2025-001 | B2: 2025-01-20 | C2: Firearms | D2: DC Williams | E2: Detective Corporal | F2: JCF-4455 | G2: Manchester | H2: Area 3 HQ | I2: Illegal possession of 2 firearms and ammunition | J2: s.5 - Possession of Prohibited Weapon (15-25yr) | K2: John BROWN | L2: 1990-05-12 | M2: 15 Main St, Mandeville | N2: Labourer | Q2: INT-2025-001 | R2: OP-2025-001 | S2: AR-2025-001 | T2: Open - Pending Forensics | U2: Incomplete - Missing Forensics | V2: Non-Compliant - Missing Forensics | X2: Awaiting Ballistic Certificate | Z2: Gun Court - High Court Division | AA2: 2025-04-15 | AE2: No | AF2: Not Applicable | AG2: DC Williams | AH2: 2025-01-20 | AI2: 2025-03-01 | AJ2: Awaiting ballistic cert from IFSLM before DPP submission
A3: CR-2025-002 | B3: 2025-01-25 | C3: Narcotics | D3: Supt. Davis | E3: Superintendent | F3: JCF-2201 | G3: St. Elizabeth | H3: Area 3 HQ | I3: Import of 32kg cocaine via fishing vessel | J3: Import/Export - Cocaine (DDA Part IV) | K3: Unknown - vessel crew fled | Q3: INT-2025-002 | R3: OP-2025-002 | T3: Open - Active Investigation | U3: Incomplete - Missing Statements | V3: Non-Compliant - Missing Statements | X3: File Being Prepared | AE3: Yes | AF3: Referred to FID | AG3: Supt. Davis | AH3: 2025-01-25 | AI3: 2025-02-15 | AJ3: Vessel crew not yet identified. Coast Guard assisting.
A4: CR-2025-003 | B4: 2025-03-05 | C4: Firearms + Narcotics | D4: Supt. Davis | E4: Superintendent | F4: JCF-2201 | G4: Manchester | H4: Area 3 HQ | I4: Stockpiling 5 firearms, trafficking 2kg cocaine | J4: s.6 - Stockpiling (3+ weapons / 50+ rounds) | K4: Devon GRANT | L4: 1985-08-23 | M4: Christiana | N4: Unemployed | Q4: INT-2025-006 | R4: OP-2025-004 | S4: AR-2025-002 | T4: Referred to DPP | U4: Substantially Complete (>80%) | V4: Compliant | W4: 2025-03-25 | X4: Crown Counsel Reviewing | Z4: Gun Court - High Court Division | AA4: 2025-04-20 | AE4: Yes | AF4: Restraint Order Applied | AG4: Supt. Davis | AH4: 2025-03-05 | AI4: 2025-03-25 | AJ4: Major case - MOCA joint op. DPP file submitted.
A5: CR-2025-004 | B5: 2025-03-22 | C5: Firearms + Narcotics | D5: DC Williams | E5: Detective Corporal | F5: JCF-4455 | G5: Clarendon | H5: Area 3 HQ | I5: Possession of firearm and cocaine during vehicle stop | J5: s.5 - Possession of Prohibited Weapon (15-25yr) | K5: Andrew BLAKE | L5: 1988-02-15 | M5: May Pen | N5: Driver | Q5: INT-2025-009 | R5: OP-2025-006 | S5: AR-2025-004 | T5: Open - Pending DPP Submission | U5: Substantially Complete (>80%) | V5: Compliant | X5: File Being Prepared | Z5: Gun Court - RM Division | AA5: 2025-04-05 | AE5: No | AF5: Not Applicable | AG5: DC Williams | AH5: 2025-03-22 | AI5: 2025-03-30 | AJ5: Straightforward case. Lab cert for cocaine pending.

Sheet DPP_Pipeline
A1: CaseID | B1: Classification | C1: OIC_Name | D1: SuspectName | E1: OffenceSummary | F1: DPPFileDate | G1: CrownCounselAssigned | H1: DPPStatus | I1: EvidentialSufficiency | J1: PublicInterestMet | K1: RulingDate | L1: RulingOutcome | M1: RulingNotes | N1: VoluntaryBillRequired | O1: PrelimExamRequired | P1: ReturnedForInvestigation | Q1: ReturnReason | R1: FileResubmissionDate | S1: Notes | T1: RecordStatus | U1: SubmittedBy | V1: SubmittedDate | W1: LastEditedBy | X1: LastEditedDate

Sheet SOP_Checklist
A1: CaseID | B1: OIC_Name | C1: ChecklistDate | D1: StationDiaryEntry | E1: CrimeReportFiled | F1: OffenceRegisterUpdated | G1: SuspectCautioned | H1: RightsAdvised | I1: DetaineeBookEntry | J1: PropertyBookEntry | K1: 48hrComplianceMet | L1: ExhibitRegisterUpdated | M1: ExhibitsPhotographed | N1: ExhibitsSealed | O1: ChainOfCustodyStarted | P1: ForensicSubmissionsMade | Q1: VictimStatementTaken | R1: WitnessStatementsTaken | S1: SuspectStatementCautioned | T1: OfficerStatements | U1: ScenePhotographed | V1: SceneSketchDrawn | W1: IDParadeRequired | X1: IDParadeConducted | Y1: ForensicCertsReceived | Z1: BallisticCertReceived | AA1: PostMortemReceived | AB1: DPPFileComplete | AC1: DisclosurePackagePrepared | AD1: OverallCompliance | AE1: ComplianceNotes | AF1: RecordStatus | AG1: SubmittedBy | AH1: SubmittedDate | AI1: LastEditedBy | AJ1: LastEditedDate

Sheet Witness_Statements
A1: StatementID | B1: CaseID | C1: WitnessName | D1: WitnessType | E1: WitnessAddress | F1: WitnessPhone | G1: RelationToCase | H1: StatementDate | I1: StatementTakenBy | J1: StatementPages | K1: StatementSigned | L1: WitnessWilling | M1: SpecialMeasuresNeeded | N1: SpecialMeasuresType | O1: AvailableForCourt | P1: Notes | Q1: RecordStatus | R1: SubmittedBy | S1: SubmittedDate | T1: LastEditedBy | U1: LastEditedDate

Sheet Disclosure_Log
A1: DisclosureID | B1: CaseID | C1: DisclosureDate | D1: DisclosureType | E1: MaterialDisclosed | F1: ServedOnDefence | G1: DefenceSolicitor | H1: ServiceMethod | I1: ServiceDate | J1: AcknowledgementReceived | K1: PIIApplicationMade | L1: PIIOutcome | M1: SupplementaryDisclosureNeeded | N1: SupplementaryDate | O1: DisclosureStatus | P1: PreparedBy | Q1: Notes | R1: RecordStatus | S1: SubmittedBy | T1: SubmittedDate | U1: LastEditedBy | V1: LastEditedDate

Sheet Dashboard
B2: REGISTRY UNIT DASHBOARD - Case Management & SOP Compliance
B3: Per DPP Prosecution Protocol (2012) & Disclosure Protocol (2013)
B5: =COUNTA(Case_Registry!A2:A25) | E5: =COUNTIF(Case_Registry!V2:V25,"Compliant") | H5: =COUNTIF(Case_Registry!U2:U25,"Complete") | K5: =COUNTIF(Case_Registry!T2:T25,"Referred to DPP")
B6: Total Cases | E6: SOP Compliant | H6: Files Complete | K6: At DPP
B9: Case Status | C9: Count
B10: Open - Active Investigation | C10: =COUNTIF(Case_Registry!T2:T25,B10)
B11: Open - Pending Forensics | C11: =COUNTIF(Case_Registry!T2:T25,B11)
B12: Open - Pending DPP Submission | C12: =COUNTIF(Case_Registry!T2:T25,B12)
B13: Referred to DPP | C13: =COUNTIF(Case_Registry!T2:T25,B13)
B14: Closed - Convicted | C14: =COUNTIF(Case_Registry!T2:T25,B14)
B15: Closed - Acquitted | C15: =COUNTIF(Case_Registry!T2:T25,B15)
B16: Closed - No Charge | C16: =COUNTIF(Case_Registry!T2:T25,B16)
B19: DPP Status | C19: Count
B20: File Being Prepared | C20: =COUNTIF(Case_Registry!X2:X25,B20)
B21: File Submitted to DPP | C21: =COUNTIF(Case_Registry!X2:X25,B21)
B22: Crown Counsel Reviewing | C22: =COUNTIF(Case_Registry!X2:X25,B22)
B23: Ruling - Charge Approved | C23: =COUNTIF(Case_Registry!X2:X25,B23)
B24: Ruling - No Charge | C24: =COUNTIF(Case_Registry!X2:X25,B24)
B25: Returned for Further Investigation | C25: =COUNTIF(Case_Registry!X2:X25,B25)
B26: Awaiting Forensic Certificate | C26: =COUNTIF(Case_Registry!X2:X25,B26)
B27: Awaiting Ballistic Certificate | C27: =COUNTIF(Case_Registry!X2:X25,B27)
B30: SOP Compliance | C30: Count
B31: Compliant | C31: =COUNTIF(Case_Registry!V2:V25,B31)
B32: Non-Compliant - Missing Statements | C32: =COUNTIF(Case_Registry!V2:V25,B32)
B33: Non-Compliant - Missing Forensics | C33: =COUNTIF(Case_Registry!V2:V25,B33)
B34: Non-Compliant - Missing Exhibit Register | C34: =COUNTIF(Case_Registry!V2:V25,B34)
B35: Non-Compliant - Overdue DPP Submission | C35: =COUNTIF(Case_Registry!V2:V25,B35)
B36: Under Review | C36: =COUNTIF(Case_Registry!V2:V25,B36)
B39: Classification | C39: Count
B40: Firearms | C40: =COUNTIF(Case_Registry!C2:C25,B40)
B41: Narcotics | C41: =COUNTIF(Case_Registry!C2:C25,B41)
B42: Firearms + Narcotics | C42: =COUNTIF(Case_Registry!C2:C25,B42)
B43: Trafficking - Firearms | C43: =COUNTIF(Case_Registry!C2:C25,B43)
B44: Trafficking - Narcotics | C44: =COUNTIF(Case_Registry!C2:C25,B44)
B45: POCA / Financial | C45: =COUNTIF(Case_Registry!C2:C25,B45)

Sheet Lookups
A1: IntelSource | B1: Priority | C1: Parish | D1: YesNo | E1: RecordStatus | F1: CaseClassification | G1: CaseStatus | H1: DPPStatus | I1: SOPCompliance | J1: DisclosureStatus | K1: FileCompleteness
A2: Crime Stop (311) | B2: Critical | C2: Manchester | D2: Yes | E2: Draft | F2: Firearms | G2: Open - Active Investigation | H2: File Being Prepared | I2: Compliant | J2: Not Required Yet | K2: Complete
A3: NIB (811) | B3: High | C3: St. Elizabeth | D3: No | E3: Submitted | F3: Narcotics | G3: Open - Pending Forensics | H3: File Submitted to DPP | I3: Non-Compliant - Missing Statements | J3: Disclosure Package Prepared | K3: Substantially Complete (>80%)
A4: Informant | B4: Medium | C4: Clarendon | E4: Edited | F4: Firearms + Narcotics | G4: Open - Pending Witness Statements | H4: Awaiting Forensic Certificate | I4: Non-Compliant - Missing Forensics | J4: Served on Defence | K4: Incomplete - Missing Key Documents
A5: DEA | B5: Low | C5: Kingston | F5: Trafficking - Firearms | G5: Open - Surveillance | H5: Awaiting Ballistic Certificate | I5: Non-Compliant - Missing Exhibit Register | J5: Partial Disclosure (PII applied) | K5: Incomplete - Missing Forensics
A6: ATF | C6: St. Andrew | F6: Trafficking - Narcotics | G6: Open - Pending DPP Submission | H6: Crown Counsel Reviewing | I6: Non-Compliant - Overdue DPP Submission | J6: Supplementary Disclosure Pending | K6: Incomplete - Missing Statements
A7: HSI | C7: St. Thomas | F7: Trafficking - Multi-Commodity | G7: Referred to DPP | H7: Ruling - Charge Approved | I7: Non-Compliant - 48hr Breach | J7: Complete | K7: Not Started
A8: MOCA | C8: Portland | F8: POCA / Financial | G8: Closed - Convicted | H8: Ruling - No Charge | I8: Under Review
A9: JCA Detection | C9: St. Mary | F9: Murder with Firearm | G9: Closed - Acquitted | H9: Voluntary Bill of Indictment
A10: Divisional CIB | C10: St. Ann | F10: Shooting with Intent | G10: Closed - No Charge | H10: Preliminary Exam Ordered
A11: Patrol Intercept | C11: Trelawny | G11: Closed - Withdrawn | H11: Returned for Further Investigation
A12: C-TOC/SIB | C12: St. James | G12: Cold Case - Under Review
A13: INTERPOL | C13: Hanover | G13: Cold Case - Dormant
A14: Walk-In Report | C14: Westmoreland
A15: FNID Direct (923-6184) | C15: St. Catherine
A16: UK NCA
A17: US Marshals
A18: Anonymous
